{"train/loss": 2.7634, "train/grad_norm": 0.3458963632583618, "train/learning_rate": 4.973183812774257e-07, "train/epoch": 1.0, "train/global_step": 2051, "_timestamp": 1717212853.2467773, "_runtime": 3386.4129073619843, "_step": 10, "train_runtime": 3388.5044, "train_samples_per_second": 4.842, "train_steps_per_second": 0.605, "total_flos": 611623376686080.0, "train_loss": 2.8182435391415392}